"","DYRK1A_Q13627","RPS6KA3_P51812","HN1_Q9UK76","ZC3HC1_Q86WB0","NCOR2_Q9Y618","KIAA0701_A0JNW5","OCIAD1_Q9NX40","PDPK1_O15530","ABI1_Q8IZP0","WDR20_E7EUY8","MAP4_E7EVA0","RBM17_Q96I25","IQGAP3_Q86VI3","FAM129B_Q96TA1","TMSB4X_P62328","TMSB4X_P62328_2","CLTA_P09496","AP1GBP1_Q9UMZ2","ZC3H14_Q6PJT7","PFKP_Q01813","LARP5_Q92615","HAT1_O14929","MAP3K7_O43318","SRRM1_Q8IYB3","BRD4_O60885","ULK1_O75385","KIF4A_O95239","C22orf9_Q6ICG6","DHX16_O60231","BRAF_P15056","FOSL2_P15408","FOSL2_P15408_2","JUND_P17535","RPL12_P30050","NUP214_P35658","EIF4A3_P38919","EIF4A3_P38919_2","TMPO_P42167","BAT2_P48634","FASN_P49327","FASN_P49327_2","FAM76B_Q5HYJ3","RPS6_P62753","AHNAK_Q09666","PAK2_Q13177","RPS6KA1_Q15418","RPS6KA1_Q15418_2","ZNF672_Q499Z4","C17orf85_Q53F19","ATAD2_Q6PL18","NUFIP2_Q7Z417","RBBP6_Q7Z6E9","CASC3_O15234","KIAA1704_Q8IXQ4","CCNYL1_Q8N7R7","NFATC2IP_Q8NCF5","RNF169_Q8NCN4","ZNF740_Q8NDX6","DDX54_Q8TDD1","ATXN2L_Q8WWM7","ATRIP_Q8WXE1","DPF2_Q92785","SMARCC1_Q92922","KHSRP_Q92945","SH3KBP1_Q96B97","C13orf8_Q96JM3","RBM14_Q96PK6","ALS2_Q96Q42","PPP1R10_Q96QC0","TPX2_Q96RR5","RSF1_Q96T23","WAC_Q9BTA9","UBE2O_Q9C0C9","WDR26_Q9H7D7","ANLN_Q9NQW6","NANS_Q9NR45","TERF2IP_Q9NYB0","LRWD1_Q9UFC0","LIMA1_Q9UHB6","LIMA1_Q9UHB6_2","GPATCH8_Q9UKJ3","SRRM2_Q9UQ35","MAP3K2_Q9Y2U5","THRAP3_Q9Y2W1","NOC2L_Q9Y3T9","VPRBP_Q9Y4B6","BAT2D1_Q9Y520","MARK2_Q7KZI7","SLC38A1_Q9H2H9","BAT2D1_Q9Y520_2","CDC2_P06493","TMPO_P42167_2","NOLC1_Q14978","PLEC1_Q15149","PLEC1_Q15149_2","SRRM2_Q9UQ35_2"
"afuresertib_24",0.291548733,0.080479445,-0.133914803,-0.0588511,0.078533202,-0.259202525,0.08202107,0.051416161,0.278906071,0.187710095,-0.088392489,0.02764015,-0.047504138,0.314494723,0.276115231,0.147691687,-0.2088112,0.10491534,0.216450438,0.137815092,0.116869467,0.072476912,-0.036598905,0.393158922,0.197414965,0.126587923,0.122707126,0.054700419,1.151196914,0.806905039,0.362737287,0.218205386,0.035979094,0.221956857,0.37134847,-0.201356842,-0.338741592,-0.254249904,0.083399489,0.434066349,0.244713179,0.249136574,0.051359078,0.358169464,0.089137414,0.29174243,0.068624091,0.172159042,0.184945417,-0.234048153,-0.190034149,0.090562116,0.204044004,0.16366206,0.011811475,-0.169222255,0.040358981,0.133962353,0.197674347,-0.03910264,-0.225881268,0.003483922,0.591639265,0.297068122,0.485504613,0.014802294,-0.123885396,-1.806263214,0.142893804,-0.051828419,-0.199507986,0.398613926,-1.122761243,-0.018530582,0.16383867,0.240358518,0.213619842,0.092203189,0.22524865,0.243433936,0.308966006,0.132889543,-0.59790203,0.392639668,-1.58860423,-0.009737632,-0.0776,0.520656855,0.042970545,0.302796415,-0.564530928,0.444459724,-0.707187326,0.962508424,0.597810849,0.06571711
"AR A014418_24",0.055713013,0.300070575,-0.033358541,0.109407837,0.265624106,-0.171524392,0.056761218,0.008767084,0.315775203,0.122497872,0.166934228,0.075904844,-0.168504649,0.462860208,0.380306723,0.077456182,-0.78805546,0.213578258,0.228706292,0.085088929,0.303975035,0.109100033,0.361739992,0.107024247,0.468432067,0.050763664,-0.671971027,-0.524734319,2.074233667,0.401757949,-0.031474167,-0.006807736,-0.296934234,-0.402292184,0.151767465,-0.215115793,-0.228181492,-0.251868309,0.266481225,0.163251598,0.183161328,0.094491551,0.229184371,0.458407266,0.019395265,0.092665558,0.032940901,0.250720534,0.221497483,0.160294584,-0.000168787,0.316204592,0.14622698,0.28981237,-0.11729489,-0.103999054,0.035604117,-0.233771194,0.183835346,0.216113145,-0.022053187,0.645181405,0.414682212,0.325245926,0.297805448,0.102343916,-0.309536666,-0.981619481,0.037687428,-0.061146533,0.024912298,0.160151291,0.157346676,-0.353784971,0.484853702,0.265346686,0.10645073,0.293279593,0.247932105,0.151236637,0.232662607,0.187841506,-0.200233179,0.208335431,-4.151477493,0.256671292,0.249080677,-0.195873664,-0.29160664,0.28818738,-0.151987629,0.603309728,-1.174842216,1.514773506,0.458399131,0.149156321
"BMS-345541_24",0.177079993,0.317380344,0.068430798,0.256924039,0.433761032,-0.194987498,0.174038866,0.01615587,0.292015259,0.261782823,0.336793387,0.124106558,-0.010218816,0.50850823,0.576747438,0.23164334,0.104503088,0.336435336,0.176275272,0.161210204,0.29850656,0.292306093,0.218591982,0.356392426,0.316591629,-0.19723171,0.011013793,-0.11474672,2.030987547,0.49037635,0.225259412,0.171309305,-0.275848781,0.18682386,-0.221384216,0.41213336,0.26210257,-0.003427153,0.176744826,0.420074843,0.258306466,-0.044126028,0.19414882,0.556839576,0.129592753,0.166020931,0.073343949,0.369451413,0.333343795,0.243048509,0.039005087,0.107967837,0.156308927,0.121974229,-0.106488802,-0.022330444,0.07262986,-0.026223598,0.305166743,0.249277792,0.17921526,0.563411388,1.041208218,0.195463559,0.567651103,0.279997956,0.144784994,-1.035274164,-0.096515033,0.467963859,0.117162661,0.445881859,-0.141478732,0.094542501,0.77323224,0.17081537,0.294777063,0.484672818,0.286197123,0.319472122,0.306607458,0.158645633,-0.318362991,0.572966907,-3.294160188,0.32417726,0.138969242,-0.046164922,-0.210468157,0.330493246,-0.016039596,0.360051587,-0.282665636,0.76024547,0.288171881,0.237520496
"BMS-906024_24",0.204074691,0.436259931,0.152285202,0.346340939,0.234313791,-0.245655198,0.413624222,0.0242528,0.35159428,0.320703033,0.175070083,0.150714167,0.170902883,0.126059823,0.310462279,-0.03064589,-2.710820643,0.170179776,0.143195098,0.273593332,0.318284377,0.247707129,-0.004103644,0.334484399,0.374961435,0.265135768,0.70423853,0.404212367,0.157977064,0.567872211,0.086276726,0.10138689,-0.013411508,0.37864964,0.301959249,0.391600074,0.353724004,0.42373202,0.350733966,0.44289356,0.289042824,0.151167894,0.249776021,0.569544946,0.142002594,0.144236351,0.122831998,0.329928188,0.335653029,0.327576033,0.125170287,0.226529018,0.171421263,0.227273242,-0.176508302,0.089511216,0.265320845,0.018802749,0.113677925,0.246958697,0.294220257,0.196825661,0.715887275,0.308656927,0.259526531,0.396919701,0.277703838,0.093883359,0.330699422,0.435901573,0.158061848,0.467862845,0.295276326,0.137768599,0.69179685,0.295688498,0.349297255,0.374231389,0.406044206,0.205667815,0.280913562,0.129137012,0.072257169,0.463614771,-2.301611656,0.240111116,0.165669206,0.201641464,0.115840135,0.326368248,0.042401923,0.382987272,0.482276738,1.4123464,0.489312612,0.248355957
"BYL719_24",0.214348652,0.181078441,-0.33942961,-0.376648502,0.10331855,-0.366511892,-0.176141168,0.004403226,0.376709267,0.297203943,-0.176108009,-0.0711533,-0.180775491,0.196833112,0.358557488,0.139979351,-0.433376779,0.177261065,0.215264054,0.039894547,0.141627073,0.060814559,-0.177253331,0.676410888,0.08996548,0.128947444,0.693564606,-0.128627806,1.060190749,0.875527629,0.136718301,0.073516195,-0.225583846,0.087727011,0.643561013,-0.292735544,-0.30987516,-0.456928611,-0.104877829,0.164862313,0.049333669,0.275399924,-0.110679518,0.517169861,0.22260696,0.050493111,-0.108775084,0.197806307,0.333267845,-0.242096614,-0.24075144,0.06094492,0.288182336,0.187551345,-0.160454814,-0.550645432,0.060770484,0.16473646,-0.025616932,0.057694696,-0.269795787,0.544954661,0.055775407,0.432180142,0.446357628,0.04418498,0.135737182,-0.893941347,0.181512308,0.000456562,-0.179901288,0.520266763,-0.671653868,-0.274665512,0.149027648,0.366141143,0.13192568,0.150909516,0.047988573,0.055974003,0.411748132,-0.276759466,-0.270384332,0.449472229,-3.473752259,-0.104338158,0.014606834,0.437456357,-0.145535629,0.50521504,-0.824825414,0.597013396,-0.457322926,1.366511892,0.529195934,0.015755684
"CC-401_24",-0.294999553,-0.235331746,-0.207463402,0.003440901,-0.026378472,-0.171524392,-0.294662409,-0.309309042,-0.027648786,0.026915302,-0.198458663,-0.211331013,-0.077928574,-0.228967951,-0.469823475,-0.423048063,-1.045560967,0.020309319,-0.280037462,-0.181732934,-0.173679097,-0.149110051,-0.124812473,-0.14987236,-0.149261631,-0.280186457,-0.055391999,-0.197550659,0.833636085,-0.120863785,-0.441583618,-0.090875507,-0.475618408,0.019494644,-1.16036874,-0.504792996,-0.187358448,-0.512727486,-0.250299409,-0.295930969,-0.173949123,-0.225567848,-0.356886393,-0.208920523,-0.683468217,-0.586104296,-0.243877484,-0.112432356,-0.22820119,-0.092934159,-0.414911738,-0.160827092,-0.188587572,-0.153015896,-0.497400852,-0.511986849,-0.282795774,-0.636997927,-0.14775294,-0.517841018,-0.219956469,0.128577186,-0.045667297,-0.114305463,0.098898756,-0.085980341,-0.126872897,-0.129680766,-0.209381183,0.077518423,-0.187811434,-0.121432527,-0.202452555,-0.542443985,0.295822667,-0.413607049,0.063587104,-0.055534305,0.027866525,-0.216743457,-0.125667567,-0.134181567,-0.539091966,0.193238849,-1.964949437,-0.859867625,-0.396682717,-0.12354462,-0.446541488,-0.042755395,-0.231600601,-0.950986945,-0.479456668,0.17683824,0.832768171,-0.183972953
"dactolisib_24",0.321325991,0.134032169,-0.463817319,-1.089990071,-1.436485751,0.792837209,-0.562499145,0.070115819,0.413213803,0.519893773,-0.507849034,-0.252962821,-0.160837481,0.518856184,0.31947238,-0.221749554,-1.034155728,-0.029689098,0.013772228,0.357774562,0.00194382,-0.189152215,0.213536705,1.159329974,-0.310773629,0.008446563,-1.716717335,-0.401572302,0.992426641,0.896408679,0.300997436,0.064393217,0.547383709,-0.535652471,1.350458602,-1.010835059,-1.168283531,-0.582748232,-0.330922345,0.245227711,0.026319158,-0.01180446,1.674730735,-0.138748426,-0.264725844,0.213834624,-0.001158603,0.050895819,0.352718857,-1.600491078,-0.342588964,-0.250977507,0.109953171,0.292197455,-0.071311177,-1.010805599,0.1883656,0.226116365,-0.407243133,-0.527632597,-1.642338054,0.158818181,0.207884582,0.650350287,0.280333327,-0.366814892,-0.05567225,1.603343017,0.461094271,-1.066267964,-0.883944281,0.126054871,0.7818053,0.186098103,-0.937406645,0.279454129,-0.378612174,-0.03281783,0.109552834,0.384908259,0.234366926,0.0314758,-0.537770761,0.567321599,-4.534666767,0.4354497,-0.671229659,1.035945446,-0.119124729,-0.200332308,-1.326551197,0.404432121,-0.520667118,1.565637449,0.944044788,-0.202787375
"Dinaciclib_24",-0.326514097,-0.132707574,-0.333019889,-0.879928751,-2.453274252,0.161808942,-3.155108392,-0.429051283,0.06857583,0.666556132,-0.130331569,-0.504493452,-0.433910328,-0.797633057,0.198147465,0.000644409,-0.397783975,1.838414288,-1.056850374,0.277055454,-1.010717923,-0.700946052,-0.270143673,2.153868609,-1.096032877,-1.203946044,2.084135661,-0.132563921,-0.504857725,0.360113085,-1.361595213,-1.314314257,-0.868415418,-1.607735864,0.390567349,-5.48198949,-4.936390574,-4.750017652,-1.568159426,0.33616294,0.135436556,-3.33635257,0.535177714,-1.242778131,-1.100068145,-0.351977786,-0.554593158,-0.3408477,-0.101339807,-2.382077901,0.256353475,-3.183909672,-0.252850931,0.282203584,-0.562873183,-1.004108344,-0.264236332,-1.827499381,-0.978120785,-1.745371572,-1.633255853,0.361991327,-2.45520782,-0.857994389,0.049740688,-1.318505623,3.620006618,3.191137039,0.415112868,-2.925505725,-0.276858564,-0.428894614,0.39689452,-0.268160729,0.691509883,0.267021741,-1.09531712,0.039668852,-0.665508305,0.189508991,-0.296965639,-0.676634663,-0.899261104,-0.996637364,-2.418226738,-0.06074449,-3.820170486,-0.269744276,-0.346136365,-0.387074696,0.081296913,0.160559562,-1.913179848,0.366511892,0.190783331,-0.859960833
"Everolimus_24",0.195014911,0.351480932,0.004315534,-0.129950566,0.173113422,-0.333333332,-0.406783836,0.205557076,0.349954513,0.328206607,0.395094612,0.077947442,0.22546681,-0.023441582,0.146633063,-0.065292384,0.683783553,0.415202756,0.229228391,0.462390083,0.213928581,0.194348563,0.315492617,0.353026419,0.152160672,-0.020918869,-0.551434943,0.052779638,0.683645655,0.318881778,-0.174720507,-0.234581477,-0.297483234,0.550869288,-0.121344264,-0.278400051,-0.430291467,-0.034348999,0.22436636,0.186288749,0.051396967,0.323888573,0.666498457,0.186524445,0.062162167,0.055971397,0.140021654,0.47528101,0.395099959,0.145722936,-0.323518417,0.158682819,0.168057096,0.492487881,0.143777867,0.098229939,0.50282703,0.047947122,0.148160121,0.162208181,-0.067015923,0.14854941,-0.984816218,0.537098346,0.554709419,0.201942587,-0.144009602,0.633209213,0.248120613,0.136836274,-0.081404866,0.055655269,-0.70818949,0.02727956,0.043399815,0.381890599,0.306770423,0.27952289,0.177914234,0.184308934,0.398919893,0.061208943,0.193992088,0.233284201,-1.088597525,0.553506312,0.234735552,0.468813468,0.074020949,0.217410249,-0.433727481,0.388137327,-0.146123334,1.204102937,-0.093846625,0.240246645
"flavopiridol_24",-0.463408545,-0.43389547,-0.615667372,-0.990773383,-2.062867287,0.516145541,-2.261047406,-0.569404404,-0.007338373,0.481818068,-1.030898701,-0.383243875,-1.145243271,-0.751526868,-0.022978857,-0.313388833,-1.909357224,1.260997634,-1.85582005,-0.101593443,-1.392160809,-0.525531577,-0.376691093,1.739364018,-2.061899043,-0.694927638,1.739541291,-0.356166239,0.640944047,0.162331557,-1.225070755,-1.110461468,-1.596733381,0.785530627,-0.15091039,-4.981560329,-4.686546777,-5.527462757,-2.33066309,-0.315886322,-0.425306133,-3.614182924,0.720939726,-0.984872304,-1.283862802,-0.412493575,-0.623516392,-0.840747903,-0.252603027,-1.816185926,-0.195418601,-3.124483714,-0.80274378,0.003796536,-0.818817497,-1.03573271,-0.633202315,-2.117789773,-1.063842911,-2.139247534,-1.432991216,-0.042606183,-1.50629567,-1.259554327,-0.331079395,-1.09257543,2.378614624,2.790400806,-0.088591914,-2.65199134,-0.780528564,-0.465519365,0.139231766,-0.407199785,0.241502219,-0.162148337,-2.013952097,-0.212724421,-1.118852772,-0.265251359,-0.492538435,-0.665262235,-0.73167017,-0.154179304,-0.349268384,-0.531577654,-5.118519712,-1.329747683,-0.214314009,-1.18546574,-0.805547193,-0.588304943,-0.459825438,-0.561499392,-0.652014693,-1.245533492
"IPI145_24",0.227090723,0.287577235,-0.071053412,0.083536574,0.252751899,-0.194987498,0.057283708,0.023693401,0.329446561,0.329710351,0.061552279,0.037650892,-0.075346441,0.485347001,0.47856801,0.041207148,0.063066981,0.228060071,0.222506804,0.138639368,0.312214331,0.232894453,0.296694577,0.482721171,0.201305398,0.366298483,0.328557921,-0.214251431,1.915318126,0.53099906,0.076216229,-0.080674424,8.49e-05,0.006657475,0.492219073,0.119937753,-0.081456423,-0.038735361,0.136491806,0.425620121,0.247503065,0.198340914,0.135044577,0.628528254,0.090236006,0.083881165,0.107331043,0.460190858,0.328118937,0.077627591,-0.192353773,0.121562732,0.265530937,0.197778558,-0.121047187,-0.239932028,0.122944144,0.16309929,-0.006541978,0.110891071,0.057356617,0.023072416,0.27644189,0.414361908,0.330394761,0.268165514,0.243155021,-0.874310114,0.246251502,0.23029326,-0.025830635,0.394817466,0.135812315,0.061566345,0.531448888,0.307157393,0.166086537,0.381048622,0.234337872,0.110800618,0.287877453,0.067672781,-0.127482393,0.596427714,-4.461684173,0.320174076,0.182455581,0.217107369,-0.015037884,0.256288665,-0.197810043,0.378931245,-0.04599169,1.839857952,0.67821424,0.170882293
"lenalidomide_24",0.316975322,0.442070632,0.02884759,0.373486819,0.405198531,0.105167275,0.341441374,0.129451284,0.475945261,0.354652352,0.365986466,0.198071398,0.25363488,0.755278392,0.397226221,0.108116359,0.085076539,0.523202091,0.362838878,0.232054882,0.514575827,0.502925918,-0.096802915,0.441084643,0.449182503,0.646586084,0.103103043,-0.083223255,2.021231559,0.82575042,0.215701768,0.2013017,0.252388777,-0.060305641,0.608071843,-0.072138102,-0.091843941,0.170896649,0.555931403,0.383486482,0.395969626,0.32332404,0.456880401,0.513177198,0.174010471,0.675156642,0.190916467,0.670908525,0.417344311,0.357667037,0.099276941,0.475418877,0.241324518,0.435124361,0.171126263,-0.173578473,0.463385582,0.198102392,0.369587383,0.342790869,0.023412243,0.656130863,0.761443023,0.606383222,0.557286547,0.379917425,0.151276396,-1.139596547,0.514328599,0.120408521,0.100282467,0.424398811,-1.122761243,0.317835758,0.61463399,0.625740789,0.290196921,0.488250506,0.335124315,0.397078324,0.355228615,0.296135165,-0.362289849,0.755848484,-4.013573479,0.632074899,0.471438002,-0.031186408,0.267135504,0.527405022,-0.203936409,0.718490355,-0.795674374,1.756671564,0.853224774,0.338025728
"losmapimod_24",0.078523813,0.234060328,-0.272272528,0.234214605,0.20624161,-0.228166058,-0.226790672,-0.072997711,0.307754837,-0.012578335,0.057390853,0.046189031,0.118826738,0.445673927,0.316664418,-0.213693241,-0.366562296,0.074368435,-0.015912523,0.184131698,0.223945368,0.22552227,0.159667665,0.184960844,0.287745702,0.372817987,-0.255435881,-0.089499414,0.799976869,0.370427767,-0.036639619,0.01807421,-0.150817426,0.032616816,0.606872524,-0.226033396,-0.33016561,-0.206649051,0.112774902,0.129453609,0.129944241,0.031080039,0.063308613,0.314036197,-0.320558104,0.170270429,-0.027754158,0.427533032,0.294020671,0.222957782,-0.294649848,0.175636334,0.011395261,0.232834592,-0.209066395,-0.108345501,0.153833602,-0.321992391,0.122449866,-0.008335827,0.110363479,0.510758529,-0.105281825,0.450435479,0.36159187,0.157236815,-0.193348524,-1.065465741,0.132889508,-0.042966204,-0.076121275,0.250597613,-1.052672415,-0.478483328,0.294382287,0.047838399,0.152215582,0.16816922,0.176039276,-0.201992002,0.070938808,0.146809955,-0.479040012,0.320135692,-3.75393848,0.35118137,0.270522544,0.252353148,-0.433451397,0.261854295,-0.147060492,0.293317764,-0.638370368,1.017335768,0.752318203,0.188482031
"Nilotinib_24",0.160153327,0.06256537,-0.045642039,0.225922838,0.120404202,0.144319802,-0.146407227,0.105398597,0.2771945,0.245183344,-0.42450049,0.23055083,0.080621189,0.750901067,0.249881661,-0.048558873,-0.682082544,-0.008130664,-0.102163336,0.315745664,0.242171874,0.150033424,0.271598899,0.396266263,0.046221024,0.205314292,-0.533744667,0.20127979,1.556294995,0.670458977,0.316695121,0.466914265,0.100497871,-0.30294044,0.427658128,-0.467458218,-0.538526059,-0.425853434,0.323023988,0.301574248,0.279317941,0.094118427,0.488135182,0.550350942,-0.25779936,0.311428541,0.259456144,0.202739088,0.265326276,0.087041349,-0.043921912,0.220189376,0.196100912,0.303990131,0.069442685,-0.220972348,0.033701326,-0.386610046,0.33232241,-0.114576928,0.02627658,0.262861943,-0.131205265,0.201237957,0.361780738,0.182778642,-0.041934931,-0.334584047,0.237285926,-0.208914125,-0.129942602,-0.013691995,-1.470684547,-0.476880205,0.290361288,0.228613574,0.138005015,0.289498308,0.514268317,0.190708492,0.176880826,0.212759493,-0.484212437,0.410428847,-3.168167401,0.191663699,-0.016107272,0.097868301,0.057448395,0.07639588,-0.061121426,0.196366488,-1.426702641,1.160717232,0.928166474,0.067031698
"Pazopanib_24",-0.140077922,-0.575178415,-0.363830697,-0.305935534,-0.869955864,0.440642698,-0.677235927,-0.050128525,0.093944685,0.284187262,-0.69035215,-0.298658875,0.154769465,0.552877143,0.536362297,-0.15543159,-0.91990829,-0.761787794,-0.497064088,0.202556892,-0.40244296,-0.333644966,-0.205635256,0.317498881,-0.773188207,0.611665248,0.166049838,-0.119445463,0.581984793,0.608654466,0.176341754,-0.035358906,-0.676735795,0.156361138,0.564113629,0.750170409,0.330990168,0.756341666,-0.062967969,0.161943142,0.026443272,-0.655791767,0.713128658,1.15183671,-0.755862679,0.766509945,0.129761504,-0.326593622,0.034627913,-0.551946215,0.406123842,-0.279068824,-0.334819767,0.268153317,-0.344710307,-0.91636884,-0.209369442,-0.613429406,-0.576822797,-0.465694394,-0.849604822,-0.239833959,-1.603264466,0.07934296,-0.41260304,-0.488472642,0.209524577,0.768701041,0.000152348,0.513649906,-0.705290904,-0.14513404,-0.549340549,-0.565270511,0.436110615,0.120988582,-0.153143023,-0.098134298,-0.144849855,0.15990403,-0.127094025,-0.190482573,-0.577268305,0.511946018,-4.035963985,0.13646233,-0.551759594,1.015891263,-0.700878876,-0.313259631,0.19521349,-0.035262584,0.119107334,1.248509203,0.520432346,-0.23779057
"PD0325901_24",0.263516561,-2.608444424,-0.155934848,-0.637002239,-0.085684205,-0.754344798,-0.441951318,0.130064884,0.209415914,0.216865754,0.369011417,-0.148527437,0.01934175,-0.354602802,-0.03499543,-0.221214655,1.69003211,0.011496992,0.07274168,0.108018998,0.153289206,0.012091978,-0.085646992,0.120777083,0.337744723,0.743410329,0.029126855,-0.107759986,0.258311148,0.402708848,-0.14084506,-0.061643176,-1.105137525,-0.222523709,-0.111924859,-0.716525137,-0.853437585,-0.785166551,-0.320719574,0.004790763,-0.061082917,0.082202743,-0.837358356,-0.785292688,0.148245564,-0.367240237,-0.433852713,0.035488834,0.185247697,-0.393114524,-0.237224428,0.013795244,-0.094752712,0.149264552,-0.51984499,-0.21014086,-0.046428002,-0.060447119,0.075358089,0.10688747,-0.592754063,-0.717620509,-1.881083253,0.317944671,0.408737575,-0.313471688,-0.006435058,0.277783375,-0.520584862,-0.658520196,-0.264089125,-0.03791828,-0.531453733,-0.050225365,-0.424147876,-0.224598078,0.212589975,-0.040094918,-0.197227116,-0.682351651,0.163801101,-0.244030223,0.304057367,-0.472308835,-1.455746585,0.016865703,0.312858309,0.022369817,0.074176609,0.097645447,-1.060010844,0.302005147,-0.482174712,0.118476004,0.094311321,0.066724098
"PD-0332991_24",0.351917092,0.607973753,-0.053606201,-1.493312862,-0.78998588,-0.050667698,-1.587209768,0.229152396,0.484130003,0.35668614,0.12521377,0.185245224,-0.658554862,0.316210365,0.291392639,0.085008541,-1.464723645,0.388683573,0.229530422,0.444214581,0.405195428,-0.287978237,0.000503545,0.61990712,0.5579387,0.55854858,-0.601552321,-0.154976751,-0.292381085,0.770673146,0.023100916,0.217875347,-0.51114689,-2.131063225,0.279468331,-3.71274583,-3.643710988,-3.098660697,-0.036369382,0.209532214,0.139575355,0.164967386,0.080923567,-0.935641297,0.200375047,0.18942792,0.228984967,0.167394313,0.467682824,-2.601490276,-0.245354878,0.131111116,0.191409989,0.375707107,0.017364654,-0.338088925,-0.191561268,-0.014575772,0.245951108,0.078454701,-1.118764442,-1.083040079,-0.599497923,0.405163953,0.665263018,-0.527809242,0.279767888,0.5593573,0.20911985,-4.195085671,-0.713643093,0.296066605,0.09071341,0.014421469,-2.961212849,0.156029947,-0.045924225,0.003430729,-0.038018062,0.144645625,0.406943757,0.09421716,-0.127086364,-0.399798036,-1.457235684,0.278706126,0.152328697,0.485775336,0.013102062,0.417109794,-2.511080025,0.621338572,-1.936642954,0.584679703,0.933490587,0.214826426
"Pravastatin_24",-0.040673245,0.110080466,-0.254907497,0.007701739,-0.043546184,-0.723308332,-0.0819549,-0.008430146,-0.007802205,0.00310255,-0.00060804,-0.007835521,0.093873923,-0.125669848,0.254829332,-0.085204287,-2.317712743,-0.121615013,-0.023351913,0.011035645,-0.02112437,-0.051474191,-0.300362751,-0.234578932,0.0950704,0.242079386,0.660254423,0.149224203,-0.138345831,0.08122322,0.108891766,-0.129754151,-0.015596583,0.052178379,-0.179955456,-0.025069618,-0.515849691,-0.097424867,0.133164123,0.348787974,-0.142408426,0.083977789,0.047365765,0.135444137,-0.118839759,-0.255266549,-0.027670035,0.078082939,0.035076444,-0.038346072,-0.135001139,0.044455792,-0.131551231,0.03360822,0.018234176,-0.048545114,0.18500217,0.02407581,0.085220205,0.00781488,0.076935157,0.55629931,-2.12406612,0.082271525,0.235880649,-0.078612393,-0.069826604,-0.088928849,0.034245279,-0.194549735,-0.177350408,0.027167028,-0.540976784,0.014125902,-0.161620139,0.08817686,0.072618627,-0.11424932,-0.00513353,-0.101986622,0.067454197,-0.237823707,-0.329461158,0.169294236,-0.695213355,-0.154917718,0.202703228,-0.304317708,-0.010669321,0.274818387,-0.163471036,0.377097492,-0.1949875,1.122042634,-0.019300816,-0.040931312
"PRI-724_24",0.196121884,0.435068107,-0.054872186,0.086752383,0.175273358,0.040952248,-0.250337979,0.144646705,0.415763679,0.158109373,0.172550906,0.205676384,0.146156114,0.487513403,0.275535026,-0.261062942,-0.464629026,0.182221113,0.061798217,0.150850151,0.299199869,0.208262882,-0.055274382,0.334079758,0.250789452,0.486980192,-0.410841859,-0.091554727,1.21845061,0.920429279,0.173305758,0.109918812,-0.280273687,-0.180973789,0.338107222,-0.305156663,-0.549167636,-0.282493881,0.281071144,0.220739694,0.11417355,0.182743564,0.202420687,0.240330131,-0.181828538,0.26707557,0.145598272,0.357976255,0.385728584,0.204922667,-0.050867933,0.248559547,0.090921952,0.377665166,-0.236696812,0.04779133,0.027829835,-0.078734478,0.268193508,0.086797525,0.102468031,0.075059807,-0.19083695,0.557233164,0.348318248,0.196955025,0.003324683,-1.334584047,0.434079381,-0.166511713,-0.005433076,0.052175883,8.357596214,-0.393635236,0.312446553,-0.009454227,0.193831015,0.236278219,0.33490687,-0.050147735,0.175411108,0.380527116,-0.843792628,0.365159974,-0.58271897,0.461825004,0.470409816,-0.547178179,-0.010087689,0.22606814,-0.350912741,0.254001214,-0.23380147,0.736690717,0.120109621,0.179272056
"PS-1145_24",-0.124885294,-0.2197916,-0.272682316,-0.165531525,0.00939778,-1.107309365,-0.512953919,-0.373508028,-0.080873122,0.093063374,-0.121997284,-0.271109454,-0.221510203,-0.014643757,0.412067806,-0.061645194,-0.532929551,-0.366987064,-0.499305598,0.000389719,-0.1880945,-0.278426748,-0.0073148,0.105108124,-0.00231497,-0.509666528,-0.298002641,-0.469254352,1.768771635,0.360605947,0.077884068,-0.2465731,0.079167961,-0.493678526,-0.115838591,-0.153555165,-0.498679037,-0.938576633,-0.242643413,0.277691347,-0.215069437,-0.174699749,-0.016275726,0.283609798,-0.18863663,-0.167053785,-0.380447437,-0.117707685,-0.117962265,-0.389853396,-0.199642267,-0.26358924,-0.117748951,-0.172684551,-0.627766764,-0.507612106,-0.300497124,-0.10050302,-0.097548429,-0.236351517,-0.164043792,0.686236624,0.149616204,-0.182420359,0.268945852,-0.281914112,-0.499205716,-1.862904881,-0.141138603,-0.211558476,-0.302416582,0.08525348,-0.668335188,-0.341860944,0.153662966,-0.082708764,-0.198969619,-0.02381841,-0.166918558,-0.104393164,-0.058186004,-0.655125979,-0.368134039,0.212890121,-4.176929302,-0.988848684,-0.546591508,-0.15218656,-0.469116233,0.121287009,-0.51693907,0.070800383,-0.398406341,1.661631036,0.185660967,-0.337923168
"RO4929097_24",0.26640973,0.445784679,0.027301078,0.42608513,0.255205582,-0.107309365,0.409511719,0.134543422,0.418871223,0.277962792,0.169088486,0.144127048,0.149644575,0.305542318,0.21735061,-0.042572173,-1.275332697,0.314167608,0.227444591,0.187242501,0.401795582,0.436398534,-0.091856216,0.405340685,0.447889777,0.53189576,0.706401043,0.380107132,-0.064215024,0.525269102,0.145954885,0.161550552,0.170465999,0.416007718,0.448610496,0.291711981,0.195614749,0.287485005,0.418678431,0.522226362,0.248365312,0.213482039,0.239747744,0.891750373,0.190000789,0.336872266,0.090987145,0.481247438,0.394495053,0.341356092,-0.026323302,0.315320468,0.104158775,0.36572656,-0.240856111,0.162074689,0.505992935,0.142814164,0.13335708,0.21661885,0.139199449,0.385354922,0.223787033,0.454734223,0.241579919,0.394783435,0.271573479,0.446847923,0.506055883,0.377016221,0.214259374,0.264587657,-0.57329736,0.142229797,0.614154125,0.199000226,0.33086815,0.42166903,0.334705921,0.276533084,0.256291441,0.179704533,-0.031319028,0.557280213,-0.229012824,0.555373122,0.383767397,0.058765796,0.105078826,0.454661437,-0.060051714,0.409451622,0.45641127,1.486893389,0.339929612,0.4107298
"SCH 900776_24",0.258576152,0.245728273,0.010286022,-0.06683471,-0.351205342,0.1949875,0.035836114,0.203320968,0.373659834,0.479555847,-0.01414509,0.066477894,0.211572817,0.236271198,-0.048652552,-0.033642681,-0.7518613,0.411674104,-0.091835703,0.281721975,0.141089102,0.030616686,0.267019344,0.919935185,0.016854727,0.500236414,-0.120167915,0.029928923,0.445956547,0.165189658,0.736439083,1.06719941,0.144016968,0.202967102,0.949169591,-0.291372291,-0.065376311,-0.071512232,0.436507964,0.115605191,0.235683298,-0.027246083,0.725733626,-0.171398649,-0.369850108,0.168858097,0.064230625,0.027045066,0.359464334,-0.6563605,-0.199135743,-0.046319572,0.30667244,0.303181002,-0.085921871,-0.552730193,0.205192833,-0.193647299,0.079415828,-0.048791805,-0.279470802,-0.416196842,-1.214737173,0.220427158,0.238325489,0.206932374,0.029407101,1.791514239,0.45887532,0.613389375,-0.317247874,0.15192098,0.243136865,-0.326106003,0.795154012,0.377060115,0.169509437,0.296527858,0.229317589,0.171816073,0.298674261,-0.041422948,-0.303016105,0.726311425,-3.740454739,0.059497854,-0.131929329,0.722686162,-0.177255361,-0.057457817,0.718097116,0.132688771,0.180582191,1.123570157,-0.266122046,0.209731126
"Selumetinib_24",0.391831306,-1.526196558,-0.129353703,-0.739635877,-0.130588769,-0.723308332,-0.377497868,0.158810083,0.170882983,0.340107533,0.321330602,0.04479608,-0.009959011,-0.519277031,0.044688823,-0.244816445,0.567022009,0.151539103,0.078518766,0.238634608,-0.050261593,-0.191521226,0.265253514,0.042338901,0.226227329,0.492087057,0.248775892,-0.188229589,-0.282665634,0.639975172,-0.147680191,0.029395957,-0.817863112,-0.177256996,-0.280790506,-0.565739582,-0.720549084,-0.775311246,-0.381585487,0.107456498,0.016434001,0.099309263,-0.710620589,-0.782711524,0.25971898,-0.395774193,-0.27113036,-0.065825764,0.09221931,-0.466412036,0.135614312,-0.111961348,0.082010904,0.188358282,-0.227545759,-0.098423216,-0.149199344,0.060470962,-0.050973203,0.206209075,-0.431547747,-0.544446964,-1.030702705,0.015762172,0.561536519,-0.381683792,-0.021203794,0.29769493,-0.53484087,-0.626629007,-0.251621219,0.228369676,-0.317179504,0.019370046,-0.491173188,0.102206532,0.233356023,-0.140105147,-0.13994413,-0.512994225,0.314102162,-0.182817405,0.331559925,-0.364783614,-0.44623901,-0.198289439,0.055566628,-0.07371056,0.152240773,0.124956236,-1.301681825,0.269223209,-0.572390575,0.736855663,0.392512729,-0.06377765
"SP600125_24",0.038194834,0.146349997,0.111602056,-0.208061255,-0.323162281,0.574155342,0.205113335,-0.109830937,0.349463436,0.435815735,-0.415169699,-0.086537252,-0.029233703,0.213803638,-0.011051479,-0.284618604,-2.522616024,0.612075428,-0.232920775,0.135405972,0.026804694,0.269053147,0.372504432,0.939646983,0.107573604,0.703763807,0.162310375,0.033198625,0.00991578,0.458599548,0.474289005,0.321205643,-0.644871199,0.896299993,0.839433947,0.391847324,0.191529904,0.304053894,0.060901401,0.205302103,0.014652885,-0.07773951,0.55724126,0.247663127,-0.715431513,-0.174479425,-0.397000771,0.159024294,0.390256983,-0.604093545,-0.356593112,-0.020170939,0.181318048,0.351008164,-0.538489934,-0.523175792,0.240275274,-0.125751054,-0.045815123,-0.086223009,-0.223198304,0.152183383,-0.431709457,0.412323289,0.221571211,-0.010127483,0.30084812,1.820519723,0.270544076,0.763083805,-0.23609694,0.318475385,0.943762821,0.179408061,0.744724919,0.036136341,0.058394694,0.190480732,0.24820653,0.020755873,0.240790845,-0.10459499,-0.048344263,0.672057961,-2.165134632,-0.071318507,-0.264642175,0.526394087,-0.339177354,0.248909852,0.373610151,-0.574099971,0.773404214,1.906330721,1.461645964,0.054106977
"staurosporine_24",-0.789094103,-2.479167401,-2.525174934,-4.566553887,-2.861296297,-2.163951032,-3.835644141,-3.321818546,-1.005497117,-2.107948186,-5.674440021,-1.458376384,-4.815139168,-2.664164372,-0.40812219,-1.551486091,-1.331572443,-2.538123525,-1.51777605,-0.680599779,-2.948213253,-1.549147325,-2.742227976,2.912319756,-2.235857532,-5.21023756,-3.74717326,-6.939125647,2.399126845,-1.982055434,-2.168651908,-2.703517253,-2.138095904,-2.880452084,-3.861300308,-3.358317403,-4.784358043,-6.47092472,-3.877547005,-0.279254017,-1.175852525,-3.867319611,-5.823446135,-3.465134075,-1.569861328,-2.184964448,-6.706266582,-1.610080287,-0.594600765,-2.961774589,-2.649935254,-2.859353042,-1.913234316,-0.549805056,-3.132003035,-3.127080231,-1.123503676,-1.920623494,-1.979085954,-2.689910388,-2.515058891,-2.238615379,-0.400649645,-1.902990471,-4.330403475,-2.491070004,-4.019093675,-2.862904881,-1.723685709,-4.478578798,-1.220901637,-0.821301346,8.357596214,-1.292542036,-0.727887378,-0.342402928,-1.884519669,-0.580502258,-2.83134795,-1.345836059,-0.421808394,-1.927900211,-2.287085968,-1.518814976,-5.378869808,-1.256659129,-3.869844107,-1.294834073,-1.982594624,-2.273739813,-0.753437902,-1.245873931,-2.690987754,-2.854080806,-3.059072498,-2.163195247
"TG101348_24",0.165361989,0.237218824,-0.255676841,-1.610686752,-2.11067455,-0.056641665,-0.543485617,0.376939117,0.338336196,0.555592259,-0.847212783,-0.359583115,0.319789209,-0.284828608,0.276189916,-0.098300812,-0.806649792,-0.321601863,-0.142655605,0.186828755,-0.187816701,0.490591099,-0.568969093,1.068608787,0.640035738,1.268480769,-0.299511019,-0.688668966,-0.337357612,-0.084270702,-0.280795154,-0.439069938,0.231780713,0.125607385,0.902567759,-0.561387882,-0.834645209,-0.495628656,-0.421650274,0.797151559,0.463392998,-0.182863341,0.343809164,-0.089910154,-0.279027645,-0.161739937,-0.27078135,-0.286821601,0.294722901,-2.243626346,-0.043031459,-0.275643114,-0.302960431,0.16832829,0.379633888,-0.879111162,-0.146265317,-0.323140176,-0.658316574,-0.412010391,-2.409368688,-1.980568471,-1.678130188,0.841235983,-1.098147777,-0.380509783,0.23999143,3.045657047,0.104254996,-0.828309998,-1.014614711,0.095305345,0.725625921,-0.250322844,-0.874313284,0.518314278,0.120287891,-0.305909056,0.713443488,0.642800896,0.10984029,-0.05485888,0.239974053,0.047438043,-0.459949541,0.016529265,-0.25565048,0.680875856,-0.114818264,-0.164332287,-1.252033995,0.267165515,-0.471203171,0.927055133,-0.449098271,-0.055578306
"Tofacitinib_24",0.13245579,0.23040336,0.016670332,0.068445846,0.153018469,-0.282665632,-0.149943956,0.045302476,0.147643099,0.391452683,0.018764053,0.034006981,0.111207305,-0.016386534,0.348859055,-0.018700973,-0.591291787,0.123065807,0.021271508,0.092631579,0.113243531,0.072482799,-0.129457136,0.089417517,0.156935896,0.616168978,0.127037887,-0.064437501,-0.578988532,0.29214691,0.104424499,-0.105877129,-0.414312357,0.153358524,1.139750218,0.083429621,-0.276543978,-0.220976347,0.106816447,0.42183394,-0.008536528,0.008773712,-0.079041778,-0.192300897,0.025369311,-0.048500801,-0.108156216,0.087946757,0.148984221,0.118238076,-0.074554026,0.070384408,0.008848904,0.137118346,-0.275039848,-0.02075569,0.219212152,-0.127588723,0.184722073,-0.052747306,-0.041178946,-0.020475066,-0.509301471,0.193258077,0.143821173,0.113396191,0.060175482,0.301046152,0.009998558,0.09953598,-0.043807346,0.039980235,0.108340114,-0.163719557,0.273798627,0.141434043,0.308024619,0.230751632,0.136133254,-0.080246993,0.195402116,-0.044338896,0.027440483,0.185154211,0.207050931,0.054662637,0.134641767,-0.17322586,-0.023249344,0.380668685,-0.178727863,0.182109817,-0.016865153,1.780922813,1.227251719,0.114017241
"vemurafenib_24",0.016568348,-0.178769064,0.228647255,-0.157810946,0.02289616,-0.333333333,-0.047291674,0.059293772,0.1701126,0.263367348,-0.104743766,0.148700529,-0.120801367,0.11343219,0.36125636,0.199744298,0.02738437,-0.521443035,0.101456382,0.057648217,-0.014252176,-0.106810243,-0.03256699,-0.101285093,-0.026907543,-0.168701919,-0.302356417,-0.065572587,0.872659186,0.162443931,0.37550841,0.403536449,0.348904631,-0.152328788,0.153072616,0.165952349,-0.073562243,-0.36340617,0.000661852,0.362421568,0.106936547,0.045491447,0.912490831,0.39706452,0.263614902,0.033834382,0.049410285,-0.165959655,0.035838911,-0.078009149,-0.017780013,-0.135466009,0.093924482,0.016180131,-0.192561678,0.040415854,-0.403976363,0.073121768,0.112890755,0.131644644,-0.088198532,0.351014714,-0.707571556,-0.106379844,0.173883922,-0.012991062,-0.035915365,0.404331241,0.001599833,0.024586864,-0.177092317,0.35001072,0.146357064,0.057129603,0.194668578,-0.306673872,0.15639595,0.153654415,0.186507292,0.417429424,0.246394231,-0.11077584,-0.061217243,0.138288058,-0.457300721,-0.362636582,-0.219810051,-0.945608941,0.028427136,0.292583109,-0.79450403,0.27579014,-0.476369028,0.794205341,0.419940742,-0.097979192
"Verteporfin_24",0.192275044,0.141253729,0.023037846,0.295309503,0.366391919,0.670657548,-0.600229986,0.072400308,0.088426025,-0.236138325,0.28444132,-0.124782618,-1.143533889,0.119840642,1.2631708,0.180045526,-0.322067961,0.245030309,0.262263905,0.321561089,0.175257644,0.312601377,0.521109128,0.42857316,0.106081086,0.17384443,-0.040167937,0.242473304,0.971981918,1.118247662,0.558163874,-0.038539551,0.144866644,0.088665467,0.702269452,0.618281763,-0.028060626,-3.072442569,0.464625754,0.679999488,0.003585816,0.141526713,0.955905013,-0.616276947,0.159574498,0.782466007,-0.311465219,0.463210581,0.474018435,0.266405275,0.31018527,0.197972452,0.213768002,0.386005066,-1.460033636,-0.561994241,0.197510421,0.035798758,0.097519192,0.088124664,0.302549921,0.011318992,0.788972774,0.436807028,0.280538963,0.292348636,0.389690318,0.811217724,0.329446174,0.246436233,0.064585612,0.409072314,1.197398119,-0.047201517,0.604708336,0.220825288,0.277111553,0.326673804,-0.059915975,0.233639041,0.355447467,0.061307351,-0.719591887,0.579591697,-0.980108543,0.24841533,0.154131384,0.473891318,-3.841952201,0.187657948,-0.265752067,-0.359403907,-0.220512342,2.43727226,1.919806815,0.253662741
"vorinostat_24",-0.219664781,0.329969894,0.523926951,-0.479231935,-0.853282748,-0.440642698,-0.367833572,-0.159940365,0.129560063,0.216136136,0.180262909,-0.19183123,-0.243855039,0.347075731,0.13710027,-0.039799987,-1.526559943,0.224836079,-0.429924534,-0.004490701,0.062667283,0.018561862,-0.384267841,0.407856492,-0.171031363,0.256957992,0.41145397,0.249852662,-0.004024277,0.274541564,0.287205833,0.113466421,0.383531123,-0.462817258,0.539946238,-1.099936592,-1.286595778,-1.129280865,-0.207375822,0.277784029,-0.01173512,-0.456814354,0.171029437,0.304736177,-0.197456265,-0.208897413,0.009259838,-0.119826104,-0.135247167,-0.867455628,-0.233852691,-0.168167752,-0.173250133,0.134461623,0.204315391,-0.629753779,-0.425161119,-0.457258598,-0.4566309,-0.365002864,-0.90965866,0.238650364,-0.922306554,0.199340896,0.413354014,-0.341816737,0.116304302,0.064215024,0.29475238,-1.120996309,-0.46409697,-0.078374236,-0.672403097,-0.033914259,-0.983585428,-0.426613837,-0.291603419,-0.077559048,0.754346161,0.524764448,-0.147872067,-0.278430876,-0.482541464,-0.096890605,-0.947392153,-0.559669948,-0.16083852,-0.304441069,-0.15691797,0.196493844,-1.073898931,0.051360551,-1.338793248,0.827383899,0.595346621,-0.318004577
"VX-970_24",0.14410414,0.344554787,0.086057464,0.240894829,0.1572976,0.218450608,-0.070512407,-0.006524262,0.397122333,0.286157085,0.305704098,0.138567139,0.151701553,0.439002044,0.234192056,-0.046216819,-0.389701459,0.157095907,0.226722737,0.317790612,0.359205549,0.223208551,0.028003458,0.35611835,0.440372333,0.525500243,-0.58827678,-0.205316912,0.491791055,0.567429061,0.050454022,0.376204509,0.140029338,-0.103788421,0.935180056,-0.041050721,-0.102366527,0.052006209,0.454045815,0.187315464,0.281683056,0.18540381,0.335721456,0.233373687,0.023072315,0.102605935,0.095700669,0.41744771,0.339095184,0.099534274,0.095848357,0.221837927,0.097536763,0.274757506,-0.187525888,-0.183098834,0.207462972,0.116198829,0.133844014,0.189471637,-0.046323001,0.439804235,0.598803613,0.442725377,0.48516253,0.27517434,0.071978071,-0.342157407,0.320573762,0.151945004,0.029829511,0.43214786,8.357596214,0.015969414,0.297348605,0.221907169,0.310888364,0.323955449,0.205079732,0.260420575,0.299503026,0.183638488,-0.425053592,0.315579167,-1.903996721,0.35096921,0.150792296,0.372083224,-0.092653358,0.184317835,-0.104506208,0.431571434,-0.183133772,1.461481527,0.997522275,0.215499085
